1,LIGHT POST,2109323.452,609116.074,554.782
2,AIRPORT BOUNDAY WALL WITH FENCING TOP,2109319.738,609140.28,556.679
3,WIND SOCK LT,2109266.968,609010.762,560.638
4,NTRO WATCH TOWER,2109363.319,609222.803,556.508
5,TREE,2109198.54,609106.586,571.051
6,MOBILE ATC ANTENNA LT,2109463.631,609022.583,564.069
7,MOBILE ATC,2109461.005,609017.331,559.115
8,AIRPORT BOUNDAY WALL WITH FENCING TOP,2109236.223,608983.492,558.681
9,MET. INSTRUMENT,2109452.391,609000.082,556.1
10,NORTH COMPASS,2109456.125,609004.368,556.71
11,LIGHT POST,2109239.992,608974.138,556.076
12,LIGHT POST,2109470.234,608995.264,558.095
13,NTRO HANGER LT,2109332.769,609269.559,560.505
14,COCONUT TREE,2109473.163,608994.116,563.002
15,DRDO BUILDING,2109481.807,608997.868,559.652
16,COCONUT TREE,2109467.172,608963.577,569.167
17,FIRE STATION TOP,2109501.129,609004.253,562.192
18,NTRO HANGER ARRESTER,2109344.553,609291.725,559.492
19,BUILDING,2109167.791,609201.899,559.046
20,JACK FRUIT TREE,2109430.835,608924.911,565.29
21,DRDOBUILDING LT,2109451.408,608937.498,564.93
22,POLICE QUATER,2109528.395,609033.18,561.955
23,AIRPORT BOUNDAY WALL WITH FENCING TOP,2109536.154,609146.535,555.532
24,RADIO TRANSMITTER 1,2109135.245,609033.102,574.699
25,COCONUT TREE,2109490.195,608950.294,569.055
26,LIGHT POST,2109415.413,608898.454,560.437
27,FIRE STATION ARRESTER,2109522.111,608992.551,566.181
28,TREE,2109542.683,609151.692,559.763
29,FIRE GATE TOP,2109543.117,609033.832,556.233
30,LIGHT POST,2109552.602,609138.08,560.279
31,DRDO BUILDING LT,2109428.55,608893.224,565.163
32,TERMINAL BUILDING ARRESTER TOP,2109555.601,609032.819,565.27
33,TERMINAL BUILDING TOP,2109561.209,609053.918,561.707
34,DRDO BUILDING,2109452.508,608898.325,565.213
35,BUILDING,2109567.371,609101.162,558.026
36,LIGHT POST,2109559.227,609162.869,560.123
37,LIGHT POST,2109572.083,609093.319,560.858
38,RADIO TRANSMITTER 2 LT,2109107.464,609021.971,574.743
39,TREE,2109572.706,609130.506,560.3
40,VIP GATE,2109576.162,609084.891,555.494
41,DRDO BUILDING,2109408.062,608866.542,566.359
42,TEMPLE LT,2109498.34,608918.158,564.197
43,LIGHT POST,2109394.674,608858.3,560.609
44,SECURITY CHECK-UP ROOM,2109581.08,609081.009,558.209
45,BUILDING  WATER TANK,2109580.306,609125.447,558.634
46,FLAG,2109579.59,609151.769,558.871
47,ABANDONED SECURITY HUT,2109561.555,609205.655,557.196
48,STATE HANGER LT,2109339.258,609356.25,567.017
49,MANGO TREE,2109574.757,609199.047,558.353
50,BUILDING,2109141.944,609274.64,557.749
51,LIGHT POST,2109587.975,609008.397,556.431
52,POLE,2109591.141,609185.277,562.05
53,FLAG,2109601.733,609039.687,558.444
54,STATE BUILDING,2109255.398,609358.867,559.539
55,STATE HANGER ARRESTER,2109347.19,609371.485,567.933
56,BUILDING WATER TANK,2109600.262,609170.003,558.034
57,OHWT,2109477.265,608860.301,572.385
58,LIGHT POST,2109585.947,609213.299,559.273
59,DRDO BUILDING LT,2109392.261,608824.034,569.037
60,STATE ATC TOP,2109418.02,609364.461,556.211
61,ELECTRIC POLE,2109135.446,609294.262,565.496
62,OHWT LT,2109470.705,608851.809,579.202
63,LIGHT POST,2109614.562,609071.968,560.734
64,STATE ATC ANTENNA LT,2109419.659,609367.296,560.539
65,GR. OF TREES,2109066.307,608998.288,577.574
66,AIRPORT BOUNDAY WALL WITH FENCING TOP,2109438.888,609364.634,555.36
67,SFC OFFICE,2109622.841,609077.069,557.122
68,STATE ANTENNA,2109399.503,609379.71,563.223
69,ELECTRIC POLE,2109244.92,609373.011,562.951
70,AIRPORT ENTRY GATE,2109623.796,609059.311,559.242
71,ELECTRIC POLE,2109545.31,608895.576,562.6
72,LIGHT POST,2109614.205,609005.959,562.837
73,TREE,2109111.957,609291.246,581.155
74,DRDO BUILDING LT,2109369.833,608802.991,568.842
75,LIGHT POST,2109630.697,609168.219,559.661
76,GR.OF TREES,2109530.454,608859.932,583.876
77,DRDO BUILDING LT,2109362.71,608790.418,569.392
78,STATE FIRE  STATION TOP,2109347.27,609405.181,557.379
79,SECURITY WATCH TOWER,2109131.045,608859.245,562.988
80,LIGHT POST,2109599.707,609267.623,556.545
81,ELECTRIC POLE,2109650.001,609070.295,563.927
82,BOUNDAY WALL WITH FENCING TOP,2109602.268,609268.003,554.839
83,ELECTRIC POLE,2109311.581,609414.09,562.447
84,COCONUT TREE,2109616.511,609245.223,562.662
85,TREE,2109627.234,609223.587,566.566
86,HOUSE WATER TANK,2109618.69,609245.177,560.279
87,BUILDING,2109401.123,608783.565,560.213
88,ELECTRIC POLE,2109654.231,609028.813,563.506
89,ELECTRIC POLE,2109650.987,609182.385,559.487
90,HOUSE ,2109149.129,609366.912,566.998
91,COCONUT TREE,2109297.562,609423.763,574.092
92,AIRPORT BOUNDAY WALL WITH FENCING TOP,2109596.318,609301.316,554.688
93,LIGHT POST,2109409.722,609420.365,559.34
94,HOUSE ROD,2109616.124,609274.33,556.118
95,GR.OF TREES,2109633.491,608949.674,578.756
96,TREE,2109655.231,609205.568,567.238
97,COCONUT TREE,2109618.093,609282.592,564.213
98,ELECTRIC POLE,2109669.738,609156.839,559.133
99,INDIAN OIL STATION  WIND SOCK,2109390.081,609435.345,554.48
100,INDIAN OIL STATION ANTENNA,2109420.764,609429.33,559.455
101,ELECTRIC POLE,2109679.417,609112.307,563.82
102,HOUSE ,2109647.682,609248.702,558.732
103,HOUSE ,2109684.115,609118.117,562.331
104,STACHU,2109685.559,609088.976,563.873
105,HOUSE WATER TANK,2109625.516,609298.742,556.704
106,HOUSE ,2109104.181,609366.537,566.296
107,SECURITY WATCH TOWER,2108989.603,609178.091,560.17
108,HOUSE ,2109635.582,609286.002,558.91
109,LIGHT POLE,2109331.702,608732.28,564.207
110,HOUSE ,2109216.428,609442.495,562.044
111,ELECTRIC POLE,2109695.822,609032.866,563.757
112,ELECTRIC POLE,2109669.823,609250.59,559.281
113,HOUSE ROD TOP,2109353.819,609466.26,560.729
114,COCONUT TREE,2109304.029,609465.503,567.066
115,BUILDING,2109696.232,609180.613,558.48
116,CAR PARKING,2109433.165,609455.831,558.587
117,LIGHT POST,2109704.529,609049.853,562.083
118,HOUSE MUMTI TOP,2109655.367,609288.792,559.826
119,HOUSE ,2109638.085,609316.775,558.106
120,ELECTRIC POLE,2108966.634,609172.226,563.503
121,COCONUT TREE,2109640.405,609323.556,569.094
122,COCONUT TREE,2109703.874,609191.596,570.048
123,FOREST OFFICE WATER TANK,2109687.068,608943.068,559.62
124,ELECTRIC POLE,2109718.394,609059.999,561.586
125,BUILDING ANTENNA,2109380.975,609482.832,557.168
126,HOUSE  WATER TANK,2109343.846,609485.601,558.498
127,HOUSE  WITH WATER TANK,2109406.402,608715.01,568.648
128,HOUSE ROD,2109717.632,609176.289,560.729
129,HOUSE WATER TANK,2108964.913,609224.965,566.077
130,TEMPLE,2108957.215,609201.997,562.79
131,HOUSE  WATER TANK,2109300.662,609488.538,563.05
132,HOUSE ,2109393.064,609491.427,556.467
133,GR.OF TREES,2109689.897,608911.023,581.962
134,METROLOGICAL BUILDING ANTENNA,2109738.095,609066.997,562.098
135,TREE,2109304.219,608693.654,566.943
136,HOUSE ,2109698.136,609277.272,560.512
137,DRDO BUILDING WATER TANK,2109306.446,608688.527,563.023
138,ELECTRIC POLE,2109737.887,609018.947,562.071
139,COCONUT TREE,2109256.181,609500.353,568.725
140,ELECTRIC POLE,2109723.488,609235.772,560.874
141,TEMPLE,2109397.107,609506.242,560.798
142,BARACK TOP,2109443.363,609497.361,555.684
143,SECURITY WATCH TOWER,2109447.593,609501.366,556.957
144,ELECTRIC POLE,2109752,609144.166,562.407
145,HOUSE  WATER TANK,2109312.487,609517.329,563.189
146,TEMPLE,2109420.58,609515.088,563.447
147,HOUSE WATER TANK,2108938.109,609269.703,565.153
148,ELECTRIC POLE,2109754.743,609208.013,560.704
149,DRDO BUILDING LT,2109292.682,608664.832,567.457
150,TREE,2108941.68,609286.849,582.821
151,HOUSE ,2109355.322,609534.04,560.963
152,BUILDING,2109442.22,609525.336,555.788
153,HOUSE ,2109475.231,609515.933,555.526
154,ELECTRIC POLE,2109772.642,609164.271,562.48
155,LIGHT POST,2109666.355,609393.312,555.772
156,BUILDING,2109383.263,608653.095,568.7
157,ELECTRIC POLE,2109752.737,608938.515,564.679
158,TREE,2109706.739,609349.526,571.335
159,COCONUT TREE,2109747.794,609283.683,568.603
160,HOUSE  WATER TANK,2109187.938,609526.472,563.203
161,AIRPORT BOUNDAY WALL WITH FENCING TOP,2109092.455,608713.25,561.764
162,TREE,2109439.44,609540.193,567.163
163,COCONUT TREE,2109673.319,609401.857,567.457
164,TREE,2109274.041,608641.222,567.557
165,TREE,2109484.75,609533.186,567.548
166,ELECTRIC POLE,2109511.337,609529.555,558.85
167,ELECTRIC POLE,2109331.9,608629.6,566.41
168,HOUSE ,2109801.353,609145.16,564.181
169,BUILDING ROD TOP,2109275.222,608629.132,566.968
170,LIGHT POST,2109086.577,608685.389,559.359
171,DRDO BUILDING ROD,2109265.959,608621.024,563.124
172,HOUSE WATER TANK,2109750.419,608845.633,569.334
173,BUILDING MOBILE TOWER LT,2109799.008,608945.485,574.907
174,TREE,2109316.67,608608.68,575.756
175,HOUSE ROD,2109523.96,609549.563,555.559
176,HOUSE  WATER TANK,2109459.433,609572.006,558.872
177,DRDO BUILDING ROD,2109258.382,608606.853,563.114
178,HOUSE ROD,2109519.799,609557.916,557.288
179,LIGHT POST,2109546.141,609549.704,551.684
180,ELECTRIC POLE,2109535.588,609555.7,557.31
181,ELECTRIC POLE,2109503.02,609575.155,558.756
182,TREE,2109244.67,608598.372,565.826
183,MOBILE TOWER,2109391.047,608592.397,578.005
184,ELECTRIC POLE,2109805.29,609295.894,562.186
185,LIGHT POLE,2109263.953,608589.574,565.695
186,MOBILE TOWER LT,2109317.696,609610.396,581.785
187,BUILDING MOBILE TOWER LT,2109384.851,608584.688,580.409
188,ELECTRIC POLE,2109767.867,609379.104,562.132
189,HOUSE WATER TANK,2109539.668,609572.937,555.83
190,MOBILE TOWER LT,2109330.504,609617.907,581.504
191,HOUSE ,2108819.619,609211.806,563.886
192,HOUSE LT,2109541.234,609586.68,558.395
193,ELECTRIC POLE,2109834.702,609282.531,562.48
194, BSNL MOBILE TOWER LT,2109863.365,609015.034,580.215
195,ELECTRIC POLE,2109551.891,609589.351,556.876
196,DRDO BUILDING,2109242.97,608566.422,568.406
197,ELECTRIC POLE,2109806.777,608832.503,564.947
198,COCONUT TREE,2109381.234,608558.156,579.618
199,AIRPORT BOUNDAY WALL WITH FENCING TOP,2109700.676,609496.856,553.311
200,GR. OF TREES,2109536.993,609606.843,571.096
201,TREE,2109555.046,609599.709,561.542
202,ELECTRIC POLE,2108791.173,609179,564.947
203,MOBILE TOWER LT,2109527.665,608577.804,598.366
204,BUILDING TOWER LT,2109888.793,609055.98,566.598
205,LIGHT POST,2109721.544,609496.569,555.388
206,U/C BUILDING,2109747.498,609475.04,560.37
207,ELECTRIC POLE,2109564.244,609610.01,557.779
208,BUILDING TOP,2109275.759,608536.065,566.143
209,ELECTRIC POLE,2108781.289,608985.182,567.225
210,DRDO SPORT BUILDING,2109230.057,608539.278,567.428
211,ELECTRIC POLE,2109264.803,608530.434,567.857
212,HOUSE ROD,2109559.722,609622.758,556.46
213,LIGHT POST,2109581.869,609616.684,551.152
214,HOUSE ,2109903.635,608990.338,566.933
215,MOBILE TOWER LT,2109335.508,609676.168,585.071
216,ELECTRIC POLE,2108765.178,608985.29,564.931
217,U/C BUILDING,2108754.745,609069.404,571.022
218,HOUSE ,2109781.734,609469.889,560.54
219,BUILDING WATER TANK,2109313.386,608514.138,568.977
220,OHWT,2109161.502,609656.232,579.147
221,LIGHT POLE,2109208.664,608525.413,563.826
222,HOUSE  WATER TANK,2109826.18,608773.879,571.424
223,U/C BUILDING,2108748.687,609011.738,571.825
224,AIRPORT BOUNDAY WALL WITH FENCING TOP,2109583.599,609636.227,553.515
225,MOBILE TOWER LT,2109427.53,609690.87,572.06
226,PLAM TREE,2109259.371,608496.232,578.925
227,SECURITY WATCH TOWER,2109195.067,608503.756,565.294
228,BUILDING,2109260.553,608486.807,567.327
229,BARACK WITH WATER TANK TOP,2109203.088,608496.42,564.039
230,U/C BUILDING,2108708.408,609095.907,572.494
231,BUILDING,2109242.495,608467.322,569.245
232,HOUSE ,2109890.136,609411.694,558.494
233,ELECTRIC POLE,2108760.116,608812.995,567.436
234,HOUSE ,2109934.869,609350.795,565.107
235,HOUSE ,2109965.596,609261.52,562.092
236,TREE,2109772.629,609580.396,569.602
237,HOUSE  WATER TANK,2109927.334,609405.799,565.53
238,MOBILE TOWER LT,2108683.002,609248.837,586.732
239,ELECTRIC POLE,2109186.193,608443.964,567.915
240,TREE,2109605.392,609712.158,567.683
241,BUILDING,2109216.422,608434.826,569.563
242,U/C BUILDING ROD,2109854.141,609527.892,559.565
243,U/C BUILDING,2108650.99,609022.898,572.14
244,HOUSE RALING TOP,2109861.053,609544.594,560.898
245,BUILDING TOWER,2109940.8,609429.441,571.035
246,LIGHT POST,2109638.64,609723.094,550.261
247,TREE,2109887.27,609520.271,571.017
248,ELECTRIC POLE,2108732.96,608745.672,570.344
249,MOBILE TOWER LT,2109503.099,608413.152,585.253
250,TREE,2109176.314,608406.334,576.455
251,BUILDING LT,2109171.565,608406.553,570.692
252,COCONUT TREE,2109813.581,609622.448,563.825
253,BUILDING TOP,2109186.989,608399.562,569.491
254,MOBILE TOWER LT,2110030.237,608916.92,594.093
255,AIRPORT BOUNDAY WALL WITH FENCING TOP,2109789.166,609664.686,551.731
256,ELECTRIC POLE,2109145.362,608392.517,567.519
257,BUILDING LT,2109156.899,608387.885,568.55
258,LIGHT POST,2108966.865,608460.514,562.369
259,HOUSE  WATER TANK,2110027.212,609354.199,559.362
260,ELECTRIC POLE,2109145.384,608379.542,569.515
261,BUILDING LT,2109824.994,609658.973,559.968
262,BUILDING LT,2109149.218,608375.224,568.992
263,BUILDING ANTENNA,2109977.307,609476.284,564.255
264,AIRPORT BOUNDAY WALL WITH FENCING TOP,2109658.92,609778.855,553.882
265,TREE,2109944.937,609546.936,571.776
266,BUILDING,2110062.203,608882.759,571.985
267,AIRPORT BOUNDAY WALL WITH FENCING TOP,2108948.195,608442.542,565.09
268,BUILDING WATER TANK,2109703.62,608426.927,569.884
269,ELECTRIC POLE,2109996.025,609488.871,560.189
270,HOUSE ,2109857.76,609675.787,553.651
271,TREE,2109838.197,609698.742,557.117
272,BUILDING TOWER LT,2109305.024,608311.959,590.098
273,ELECTRIC POLE,2109669.313,609808.647,556.136
274,HOUSE ,2109837.168,609704.538,552.519
275,BUILDING TOP,2109171.896,608325.023,571.89
276,HOUSE ROD,2109945.364,609599.377,559.777
277,HOUSE ,2110010.285,609516.519,556.174
278,HOUSE ,2109913.321,609648.47,558.458
279,HOUSE ,2109993.718,609551.731,558.841
280,ELECTRIC POLE,2110016.914,609520.929,559.905
281,COCONUT TREE,2109973.729,609583.924,569.433
282,HOUSE ,2109967.187,609594.59,557.779
283,HOUSE  WATER TANK,2110095.172,609360.734,560.532
284,ELECTRIC POLE,2109681.835,609830.411,555.874
285,BUILDING ROD TOP,2109089.161,608310.959,566.46
286,HOUSE ANTENNA TOP,2109888.993,609708.635,556.652
287,COCONUT TREE,2110028.889,609544.715,570.088
288,KENDERIYA VIDYALAYA LT,2110063.536,609485.856,563.402
289,GR. OF TREES,2109638.35,609868.02,568.669
290,ELECTRIC POLE,2109088.458,608304.738,571.08
291,TREE,2109685.597,609854.363,565.825
292,BUILDING  WATER TANK,2110174.25,609060.831,564.99
293,KENDERIYA VIDYALAYA ROD TOP,2110054.31,609533.534,562.848
294,BUILDING,2109550.189,608276.619,576.017
295,SECURITY WATCH TOWER,2108866.833,608388.241,568.469
296,AIRPORT BOUNDAY WALL WITH FENCING TOP,2109070.923,608285.687,565.802
297,GR. OF TREES,2109115.873,608272.199,586.496
298,HOUSE ,2109867.221,609766.592,552.579
299,BARACK WITH WATER TANK TOP,2108866.734,608379.121,567.853
300,LIGHT POST,2109715.382,609867.476,549.282
301,COCONUT TREE,2110003.256,609640.732,565.47
302,LIGHT POST,2109062.831,608277.513,565.834
303,ELECTRIC POLE,2110049.875,609584.592,560.073
304,AIRPORT BOUNDAY WALL WITH FENCING TOP,2109711.637,609878.195,551.953
305,TREE,2109891.076,609777.404,561.895
306,MOBILE TOWER,2109463.232,608226.507,586.267
307,HOUSE ,2110053.989,609610.521,558.084
308,HOUSE WATER TANK,2109890.572,609791.032,552.412
309,GR. OF TREES,2109637.509,609935.247,573.828
310,ELECTRIC POLE,2108747.794,608419.162,573.05
311,LIGHT POST,2109893.293,609801.691,555.511
312,TREE,2109920.195,609779.936,576.96
313,ELECTRIC POLE,2108754.054,608409.236,572.457
314,FCI STORE ROOM LT,2109050.129,608232.094,573.511
315,HOUSE ,2110018.662,609701.886,558.512
316,FCI BUILDING WITH WATER TANK,2109038.105,608226.232,568.792
317,LIGHT POST,2109709.815,609953.473,550.386
318,LIGHT POST,2109912.689,609843.329,554.692
319,MOBILE TOWER LT,2110248.541,608852.959,599.127
320,GROUND LEVEL,2108873.88,608269.053,564
321,FCI STORE ROOM  LT,2109029.073,608199.828,575.005
322,ELECTRIC POLE,2110062.745,609708.612,559.979
323,ELECTRIC POLE,2109599.576,610012.331,556.71
324,TREE,2109707.496,609982.635,565.719
325,BUILDING LT,2109925.668,609856.075,559.764
326,GR. OF TREES,2110027.107,609769.28,565.821
327,ABANDONED HUT,2109006.962,608188.398,568.255
328,HOUSE ,2110113.495,609674.133,561.375
329,BUILDING LT,2109949.286,609853.637,559.304
330,ELECTRIC POLE,2109661.394,610017.224,556.51
331,ASHRAM,2109521.347,608137.181,580.824
332,OHWT,2109331.66,608115.377,585.302
333,BUILDING,2109943.893,609870.079,556.471
334,FCI STORE ROOM LT,2109023.856,608160.238,575.746
335,BUILDING MOBILE TOWER LT,2109277.305,608104.849,592.433
336,POLE,2109918.867,609906.673,554.959
337,ELECTRIC POLE,2108753.978,608280.958,576.449
338,ELECTRIC POLE,2109726.275,610022.26,556.943
339,POLE,2109924.638,609917.589,555.034
340,ELECTRIC POLE,2108758.824,608266.476,575.132
341,BUILDING MOBILE TOWER LT,2109290.714,608086.205,589.145
342,CRASH GATE,2109738.651,610029.619,550.281
343,BARACK TOP,2108973.748,608142.432,569.497
344,BUILDING LT,2109966.103,609902.377,559.131
345,BARACK TOP,2109747.932,610034.554,551.723
346,TREE,2109988.661,609893.527,565.4
347,HOUSE ,2110174.531,609694.664,564.138
348,FCI STORE ROOM LT,2108995.542,608121.633,576.199
349,HOUSE ,2110100.61,609791.968,555.462
350,SECURITY WATCH TOWER,2109757.635,610043.898,553.804
351,BUILDING ANTENNA,2110357.771,608918.881,579.076
352,TEMPLE,2108296.789,609166.993,572.894
353,FCI BUILDING WITH WATER TANK,2108987.276,608115.596,570.915
354,AIRPORT BOUNDAY WALL WITH FENCING TOP,2109758.312,610050.513,550.117
355,ELECTRIC POLE,2109744.455,610056.593,556.408
356,BUILDING  WATER TANK,2110375.306,609222.419,563.862
357,TREE,2108743.372,608232.161,577.927
358,BUILDING LT,2109977.885,609925.488,559.12
359,PERIMETER ROAD,2109883.069,609994.042,546.632
360,ELECTRIC POLE,2109665.968,610097.39,556.728
361,AIRPORT BOUNDAY WALL WITH FENCING TOP,2109882.749,609999.345,550.175
362,ELECTRIC POLE,2109705.252,610085.647,557.185
363,ELECTRIC POLE,2109501.48,610146.744,555.943
364,BOUNDAY WALL WITH FENCING TOP,2109760.006,610073.889,549.842
365,BUILDING  WATER TANK,2110402.533,609234.361,571.727
366,MOBILE TOWER LT,2110276.767,608573.653,593.178
367,GROUND LEVEL,2108859.427,608129.036,563.985
368,PERIMETER ROAD,2108915.071,608102.776,567.045
369,AIRPORT BOUNDAY WALL WITH FENCING TOP,2108748.118,608182.327,570.394
370,ELECTRIC POLE,2109715.69,610118.767,558.381
371,TREE,2109995.199,609965.376,563.332
372,TEMPLE FLAG,2110008.344,609955.399,555.053
373,ELECTRIC POLE,2108720.344,608184.181,578.301
374,LIGHT POLE,2108996.501,608049.79,572.179
375,BOUNDAY WALL WITH FENCING TOP,2109901.137,610042.459,549.451
376,BUILDING,2110425.56,608929.678,579.864
377,ELECTRIC POLE,2108726.622,608175.682,576.07
378,TREE,2109743.119,610130.208,565.044
379,ELECTRIC POLE,2110034.563,609960.127,558.659
380,LIGHT POST,2108742.231,608157.272,570.29
381,ELECTRIC POLE,2109803.379,610107.867,556.249
382,MOBILE ROAD TRAFFIC  (RD ELEV 547.5M + TFC HT 5M)        ,2109918.845,610047.876,547.488
383,TREE,2109787.976,610119.439,566.002
384,ELECTRIC POLE,2110057.638,609950.638,559.069
385,LIGHT POLE,2108954.249,608044.155,572.619
386,U/C BUILDING,2110320.545,609630.957,561.995
387,TREE,2108973.21,608033.881,581.142
388,BUILDING TOP,2108961.802,608036.053,569.776
389,MOBILE TOWER LT,2110325.122,608556.364,592.514
390,ANAND DHABA,2109823.6,610120.286,550.419
391,BUILDING,2110428.705,609400.532,573.347
392,PINE TREE,2108992.53,608005.751,587.82
393,ROAD SIGNAGE,2109960.55,610061.534,550.306
394,ANAND DHABA,2109843.25,610130.426,550.109
395,HOUSE ,2109823.105,610146.657,551.48
396,TREE,2110115.63,609952.538,571.996
397,TREE,2108680.987,608132.454,577.224
398,ELECTRIC POLE,2110060.975,610009.183,558.154
399,GROUND LEVEL,2108856.628,608024.11,568.723
400,LIGHT POST,2110053.402,610028.788,558.986
401,BUILDING ARRESTER,2110442.083,609496.991,573.53
402,BUILDING AKASHWANI,2108974.277,607976.656,574.922
403,ELECTRIC POLE,2110027.117,610051.624,557.271
404,GROUND LEVEL,2108816.437,608037.069,568.101
405,TREE,2110008.034,610067.658,562.175
406,BUILDING ROD,2108880.697,608006.721,572.721
407,ELECTRIC POLE,2108676.616,608116.235,577.082
408,TREE,2108962.559,607974.425,585.415
409,TEMPLE LT,2110008.373,610075.463,557.743
410,ELECTRIC POLE,2109832.364,610177.253,555.305
411,ELECTRIC POLE,2109790.34,610196.201,555.137
412,BUILDING WITH ANTENNA,2108930.451,607975.937,573.017
413,ELECTRIC POLE,2109927.507,610134.07,550.798
414,BUILDING,2109572.548,607918.19,576.4
415,LIGHT POST,2110110.531,610016.508,558.972
416,ELECTRIC POLE,2110024.472,610090.001,555.478
417,LIGHT POST,2108854.609,607987.578,570.828
418,GROUND LEVEL,2109925.164,610157.233,544.893
419,HOUSE ,2110025.692,610096.844,549.524
420,U/C BUILDING,2110292.323,609850.571,561.419
421,ELECTRIC POLE,2108667.181,608077.84,575.253
422,BUILDING AKASHWANI,2108989.626,607928.195,576.083
423,TREE,2109782.797,610231.355,563.518
424,AIRPORT BOUNDAY WALL WITH FENCING TOP,2108856.021,607970.582,572.016
425,BUILDING,2109082.644,607895.1,581.721
426,POLE,2108937.553,607929.961,572.488
427,TEMPLE FLAG TOP,2108929.4,607925.928,574.976
428,OHWT,2110495.913,609544.743,575.993
429,U/C BUILDING,2110287.771,609902.689,561.29
430,TREE,2109856.153,610240.32,559.158
431,LIGHT POST,2110219.927,609991.962,558.876
432,GROUND LEVEL,2108725.331,607992.45,566.636
433,BUILDING WITH ANTENNA,2108866.98,607919.665,576.669
434,ELECTRIC POLE,2108972.301,607882.833,584.682
435,BUILDING,2108914.34,607901.496,575.293
436,OHWT,2110362.616,609849.969,564.772
437,ELECTRIC POLE,2108976.659,607866.706,577.09
438,BUILDING TOP,2108995.752,607859.997,574.834
439,CRASH GATE,2108828.727,607912.368,570.413
440,ELECTRIC POLE,2108932.406,607868.387,577.521
441,BUILDING WITH ANTENNA,2108861.912,607883.09,576.906
442,HOUSE ,2109855.8,610292.981,548.222
443,TREE,2108838.181,607879.726,580.573
444,PINE TREE,2108894.855,607856.61,585.301
445,CHIMNEY,2109230.032,607780.1,592.427
446,DSC BUILDING,2108828.604,607859.104,570.968
447,TREE,2109972.232,610286.278,555.473
448,ELECTRIC POLE,2108586.47,607966.847,573.5
449,LIGHT POST,2108788.074,607853.825,568.148
450,ELECTRIC POLE,2108595.401,607957.292,572.891
451,MANGO TREE,2108824.784,607826.811,579.216
452,BUILDING  WATER TANK,2110064.446,607937.969,568.312
453,DSC BUILDING WITH WATER TANK,2108799.529,607835.139,570.34
454,SECURITY WATCH TOWER,2108607.509,607933.318,569.333
455,TREE,2109894.165,610353.573,558.136
456,BARACK WITH WATER TANK TOP,2108604.918,607924.788,568.373
457,DSC BUILDING WITH WATER TANK,2108846.951,607800.1,572.745
458,ELECTRIC POLE,2108988.567,607752.548,577.681
459,ELECTRIC POLE,2108964.46,607745.564,577.385
460,GR. OF TREES,2108895.954,607764.834,579.45
461,BUILDING WATER TANK,2109061.623,607719.579,582.76
462,PERIMETER ROAD,2108741.868,607816.982,564.157
463,AIRPORT BOUNDAY WALL WITH FENCING TOP,2108725.404,607821.686,566.303
464,TREE,2108690.839,607834.926,572.719
465,MOBILE ROAD TRAFFIC  (RD ELEV 562.6M + TFC HT 5M)        ,2108713.592,607822.549,562.632
466,SECURITY WATCH TOWER,2108768.312,607796.541,570.359
467,DSC WATCH TOWER,2108779.393,607789.246,574.617
468,OHWT,2110546.575,608354.346,574.62
469,ELECTRIC POLE,2108601.962,607877.759,571.916
470,MOBILE TOWER,2109204.008,607679.616,596.196
471,MOBILE TOWER LT,2110407.745,608160.315,582.11
472,BAMBOO TREE,2108550.967,607904.944,582.14
473,MOBILE TOWER LT,2110733.244,609383.057,577.445
474,ELECTRIC POLE,2108616.601,607860.648,570.811
475,MOBILE TOWER LT,2110414.52,608158.476,585.797
476,TREE,2108603.227,607864.959,576.02
477,ELECTRIC POLE,2108678.865,607822.785,572.445
478,TREE,2108752.403,607782.971,576.518
479,ELECTRIC POLE,2108669.311,607822.905,572.167
480,BUILDING,2109015.105,607691.686,582.908
481,ELECTRIC POLE,2108801.062,607751.922,576.631
482,ELECTRIC POLE,2108815.025,607745.663,576.549
483,ELECTRIC POLE,2108922.396,607708.155,577.159
484,GOVT. SCHOOL BUILDING,2108710.853,607788.48,566.527
485,HOUSE ,2108575.049,607844.508,566.398
486,BUILDING WATER TANK,2108945.713,607675.221,581.397
487,BUILDING TOP,2108672.343,607774.713,569.12
488,HOUSE WATER TANK TOP,2108494.531,607873.713,566.32
489,MOBILE TOWER LT,2109246.936,607608.918,599
490,MOBILE TOWER LT,2109212.658,607606.492,599.764
491,BUILDING WATER TANK,2109110.816,607613.673,585.564
492,GOVT. SCHOOL BUILDING ,2108694.432,607737.059,572.94
493,BUILDING WATER TANK,2109143.923,607600.578,585.783
494,ELECTRIC POLE,2108889.528,607650.257,577.615
495,OHWT,2108848.932,607661.092,579.243
496,HOUSE WATER TANK TOP,2108562.848,607777.841,571.399
497,ELECTRIC POLE,2108850.018,607640.985,577.216
498,OHWT,2109059.322,607581.542,597.837
499,BUILDING WATER TANK,2108407.503,607858.226,568.178
500,PINE TREE,2108762.491,607655.202,591.098
501,ELECTRIC POLE,2108722.902,607671.5,575.942
502,ELECTRIC POLE,2108849.86,607615.035,577.348
503,OHWT,2108994.137,607572.704,600.921
504,ELECTRIC POLE,2108543.311,607745.199,571.798
505,TREE,2108521.484,607739.842,580.239
506,BUILDING WATER TANK,2109082.722,607522.839,587.377
507,HP PUMP HOARDING SIGN BOARD,2110752.271,609828.474,565.981
508,BUILDING MOBILE TOWER LT,2108830.002,607576.415,591.935
509,BUILDING,2108988.918,607526.8,587.656
510,BUILDING WATER TANK,2108330.129,607839.942,570.824
511,TREE,2108454.313,607722.359,584.128
512,GR. OF TREES,2110296.241,610425.189,569.07
513,BUILDING TOP,2108291.142,607829.668,569.659
514,BUILDING WATER TANK,2108905.256,607501.572,584.496
515,ELECTRIC POLE,2108751.28,607550.233,577.108
516,BUILDING WATER TANK,2108274.75,607828.261,570.9
517,ELECTRIC POLE,2108432.676,607705.306,572.906
518,BUILDING,2108722.293,607553.43,577.848
519,BUILDING MOBILE TOWER LT,2109482.182,607435.487,584.891
520,BUILDING WTH MOBILE TOWER,2108763.063,607522.37,588.201
521,BUILDING WATER TANK,2108870.887,607464.233,583.547
522,MOBILE TOWER LT,2107646.191,609373.012,594.524
523,MOBILE TOWER LT,2110821.165,608237.29,602.789
524,MOBILE TOWER LT,2110429.449,607773.91,600.075
525,ELECTRIC POLE,2108475.268,607607.563,572.864
526,BUILDING WATER TANK,2108740.055,607478.241,582.656
527,BUILDING ANTENNA,2110476.568,607783.196,574.764
528,MOBILE TOWER LT,2111093.33,608968.086,589.879
529,TREE,2108623.071,607477.024,596.64
530,BUILDING,2108300.586,607650.066,566.878
531,RAILWAY ELECTRIC POLE,2108023.794,607880.745,569.206
532,BUILDING WATER TANK,2108927.584,607346.865,584.885
533,MOBILE TOWER,2109094.965,607309.372,597.494
534,BUILDING MOBILE TOWER LT,2111125.557,608874.332,578.153
535,FLOOD LIGHT,2110257.098,607538.401,589.254
536,BUILDING,2109032.376,607302.695,586.526
537,TEMPLE,2109395.656,607269.619,581.921
538,BUILDING MOBILE TOWER LT,2110601.118,607773.277,579.976
539,U/C BUILDING,2110941.345,608213.499,578.457
540,MOBILE TOWER LT,2110614.988,607780.091,589.015
541,BUILDING WATER TANK,2108875.479,607293.167,587.719
542,BUILDING WATER TANK,2108828.242,607294.514,586.464
543,TREE,2108268.465,607547.787,586.262
544,MOBILE TOWER LT,2109760.143,607220.062,592.969
545,MOBILE TOWER LT,2109196.803,607156.92,590.653
546,GR.OF TREES,2108153.752,607539.875,588.896
547,MOBILE TOWER LT,2110176.748,607275.619,600.477
548,BUILDING ROD,2109317.615,607084.358,591.183
549,FLOOD LIGHT,2111189.154,608292.375,583.069
550,MOBILE TOWER,2108983.499,607102.532,598.738
551,BUILDING TOP,2110735.088,607623.295,573.377
552,BUILDING MOBILE TOWER LT,2110985.827,607891.323,584.578
553,BUILDING WATER TANK,2109304.776,607034.323,587.46
554,FLOOD LIGHT,2111309.425,609709.586,577.445
555,MOBILE TOWER LT,2110271.303,607254.026,604.069
556,MOBILE TOWER LT,2109148.84,607036.253,606.527
557,HOTEL ,2110725.814,607542.012,580.989
558,MOBILE TOWER LT,2108901.178,611146.482,592.023
559,U/C BUILDING,2110780.322,607579.134,568.086
560,FLOOD LIGHT,2109527.992,606984.309,591.667
561,U/C BUILDING,2110793.33,607556.135,575.622
562,BUILDING ANTENNA,2110892.146,607646.406,576.945
563,GURUDWARA,2109630.63,606923.975,589.529
564,MOBILE TOWER LT,2109831.004,606929.769,589.559
565,BUILDING MOBILE TOWER LT,2109772.812,606911.652,587.571
566,BUILDING TOWER LT,2111049.921,607665.447,584.813
567,HTL,2111378.851,610062.208,579.43
568,U/C BUILDING,2109561.48,606844.066,585.973
569,MOBILE TOWER LT,2111248.994,607883.385,583.753
570,RAILWAY ELECTRIC POLE,2108172.1,607121.259,578.757
571,MOBILE TOWER LT,2108855.844,611377.371,596.619
572,OHWT,2108896.383,606800.088,592.594
573,MOBILE TOWER LT,2110704.996,607201.47,595.542
574,BUILDING ANT,2109047.051,611427.951,575.978
575,BUILDING TOWER,2110282.741,606922.773,591.358
576,MOBILE RAIL TRAFFIC (RL ELEV 568.1M + TFC HT 7.5M),2108279.763,606956.148,568.054
577,MOBILE TOWER LT,2108947.936,611457.487,595.573
578,RAILWAY ELECTRIC POLE,2108292.641,606936.735,575.897
579,OHWT,2108426.735,606845.977,593.203
580,FLOOD LIGHT,2111225.863,607549.975,586.243
581,GR.OF TREES,2108272.713,606891.212,588.754
582,MOBILE TOWER LT,2110649.049,607020.205,586.568
583,MOBILE TOWER LT,2108892.763,611534.984,586.431
584,FLOOD LIGHT,2110910.14,607179.558,583.607
585,MOBILE TOWER LT,2110734.416,607043.059,579.363
586,GR.OF TREES,2108597.715,606701.445,595.504
587,RAILWAY FOOT OVER BRIDGE,2108434.194,606735.623,579.83
588,RAILWAY FLAG LT,2108550.526,606690.552,599.602
589,BUILDING WATER TANK,2108687.175,606624.906,574.288
590,MOBILE TOWER LT,2108937.753,606562.501,590.449
591,MOBILE TOWER LT,2109062.27,606544.11,594.517
592,GR.OF TREES,2108086.557,606843.937,602.906
593,RAILWAY U/C BUILDING,2108625.319,606618.892,576.855
594,BUILDING ANT,2109197.792,611786.03,570.668
595,MOBILE TOWER LT,2110986.254,606940.425,580.459
596,GR.OF TREES,2108302.829,606580.638,595.242
597,MOBILE TOWER LT,2110917.184,606872.37,584.238
598,MOBILE TOWER LT,2110333.429,606516.873,606.758
599,OHWT,2108416.395,606461.359,584.352
600,MOBILE TOWER LT,2111730.445,607655.49,576.426
601,BUILDING ANTENNA,2111160.659,606888.508,580.098
602,MOBILE TOWER LT,2110405.679,606412.119,594.12
603,FLOOD LIGHT,2111720.097,607283.453,579.854
604,BUILDING ANTENNA,2110973.198,606429.361,578.216
605,MOBILE TOWER LT,2109732.355,605966.785,603.401
606,U/C BUILDING,2111313.182,611563.888,567.1
607,MOBILE TOWER LT,2109748.244,605950.034,603.413
608,CHIMNEY,2107056.625,611436.754,581.62
609,BUILDING,2110262.924,612248.861,561.1
610,BUILDING,2111308.314,611775.215,571.852
611,MOBILE TOWER LT,2111642.065,611505.493,591.759
612,MOBILE TOWER LT,2108382.076,612635.356,604.993
613,BUILDING OVINASH,2110964.755,605701.059,583.248
614,BUILDING ANTENNA,2109018.073,612880.796,589.736
615,MOBILE TOWER LT,2106429.104,611674.987,597.867
616,MOBILE TOWER LT,2106416.174,611671.85,596.627
617,HTL,2109577.21,604907.898,604.429
618,HTL,2109595.018,604904.289,604.671
619,U/C BUILDING,2111220.008,605290.158,582.763
620,HTL,2108222.296,604983.707,608.341
621,MOBILE TOWER LT,2110216.321,604910.984,599.691
622,MOBILE TOWER LT,2110232.919,604910.597,601.081
623,MOBILE TOWER LT,2111330.988,605237.505,589.901
624,MOBILE TOWER LT,2111470.856,605296.394,588.682
625,MOBILE TOWER LT,2109281.208,604642.441,612.109
626,MOBILE TOWER LT,2109382.273,604629.884,610.565
627,HTL,2113205.694,606704.817,572.282
628,HTL,2113331.9,606839.965,576.762
629,HTL,2108895.07,604527.134,601.608
630,MOBILE TOWER LT,2113844.025,607470.787,598.131
631,MOBILE TOWER LT,2113854.073,607454.364,598.196
632,MOBILE TOWER LT,2111576.183,604731.99,605.185
633,MOBILE TOWER LT,2111082.706,604444.886,601.184
634,HTL,2113291.063,606050.931,571.814
635,MOBILE TOWER LT,2109221.813,614316.426,599.967
636,HTL,2107960.085,614249.705,597.082
637,HTL,2107713.836,614495.893,590.769
638,HILL TREE,2110147.193,602954.685,605.861
639,MOBILE TOWER LT,2109337.579,615676.297,602.336
640,MOBILE TOWER LT,2107560.729,600560.27,626.404
641,MOBILE TOWER LT,2106501.771,599316.68,602.183
642,MOBILE TOWER LT,2111439.321,619805.238,612.675
643,AKASHWANI TV TOWER LT,2105864.567,598030.824,654.516
644,HILL TREE,2115107.622,619168.917,628.597
645,MOBILE TOWER LT,2105177.741,598095.695,597.22
646,ALL INDIA RADIO TOWER LT,2105472.491,597797.415,721.67
647,CHIMNEY,2109700.059,621140.304,586.644
648,MOBILE TOWER LT,2109523.582,621884.17,604.421
649,FLOOD LIGHT,2110702.176,621968.444,586.536
650,HTL,2109845.92,622557.618,603.4
651,HTL,2110013.227,622721.574,606.128
652,HTL,2109933.78,622781.928,611.037
653,HTL,2110052.025,622896.422,603.308
654,OHWT LT,2110629.651,622934.384,600.777
655,HTL,2110042.058,622990.781,619.277
656,CHIMNEY LT,2111694.353,622866.701,648.635
657,CHIMNEY LT,2112190.593,622783.608,670.373
658,CHIMNEY LT,2112367.756,622796.747,683.923
659,NMDC FACTORY TOP LT,2111591.979,623050.63,675.383
660,CHIMNEY LT,2112639.478,622882.899,682.343
661,CHIMNEY LT,2111591.414,623104.117,641.772
662,CHIMNEY LT,2112669.755,623043.43,682.593
663,NMDC FACTORY TOP LT,2110888.175,623584.923,634.528
664,MOBILE TOWER LT,2110520.781,623718.91,604.535
665,CHIMNEY LT,2110957.722,623961.484,622.786
666,CHIMNEY LT,2110891.081,623971.869,623.265
